"","lat","lon","day","sis","sid","id"
"1",-23.798,133.888,1,3925.3,5431.98333333333,"-23.798 133.888 1"
"2",-23.798,133.888,2,4766.31666666667,8629.63333333333,"-23.798 133.888 2"
"3",-23.798,133.888,3,4777.01666666667,8710.71666666667,"-23.798 133.888 3"
"4",-23.798,133.888,4,4804.13333333333,8785.88333333333,"-23.798 133.888 4"
"5",-23.798,133.888,5,4757.85,8714.96666666667,"-23.798 133.888 5"
"6",-23.798,133.888,6,4714.76666666667,8651.81666666667,"-23.798 133.888 6"
"7",-23.798,133.888,7,4758.35,8666.41666666667,"-23.798 133.888 7"
"8",-23.798,133.888,8,4677.88333333333,8602.93333333333,"-23.798 133.888 8"
"9",-23.798,133.888,9,4702.08333333333,8687.68333333333,"-23.798 133.888 9"
"10",-23.798,133.888,10,4562.31666666667,8096.41666666667,"-23.798 133.888 10"
"11",-23.798,133.888,11,4589.11666666667,7769.68333333333,"-23.798 133.888 11"
"12",-23.798,133.888,12,4574.4,8347.41666666667,"-23.798 133.888 12"
"13",-23.798,133.888,13,4664.51666666667,8244.76666666667,"-23.798 133.888 13"
"14",-23.798,133.888,14,4544,7814.73333333333,"-23.798 133.888 14"
"15",-23.798,133.888,15,4267.66666666667,6857.56666666667,"-23.798 133.888 15"
"16",-23.798,133.888,16,2545.81666666667,1893.41666666667,"-23.798 133.888 16"
"17",-23.798,133.888,17,4611.43333333333,8591.8,"-23.798 133.888 17"
"18",-23.798,133.888,18,4589.91666666667,8507.38333333333,"-23.798 133.888 18"
"19",-23.798,133.888,19,4636.06666666667,8687.61666666667,"-23.798 133.888 19"
"20",-23.798,133.888,20,4440.53333333333,8317.11666666667,"-23.798 133.888 20"
"21",-23.798,133.888,21,4073.96666666667,5265.91666666667,"-23.798 133.888 21"
"22",-23.798,133.888,22,3117.68333333333,4110.31666666667,"-23.798 133.888 22"
"23",-23.798,133.888,23,4106.3,5202.88333333333,"-23.798 133.888 23"
"24",-23.798,133.888,24,4248.4,6922.16666666667,"-23.798 133.888 24"
"25",-23.798,133.888,25,4394.96666666667,8193.61666666667,"-23.798 133.888 25"
"26",-23.798,133.888,26,4455.3,8141.38333333333,"-23.798 133.888 26"
"27",-23.798,133.888,27,4479.68333333333,7939.61666666667,"-23.798 133.888 27"
"28",-23.798,133.888,28,4409.38333333333,7470.66666666667,"-23.798 133.888 28"
"29",-23.798,133.888,29,3591.98333333333,4618.3,"-23.798 133.888 29"
"30",-23.798,133.888,30,1221.08333333333,1285.71666666667,"-23.798 133.888 30"
"31",32.303,-64.767,1,5031.26666666667,614.1,"32.303 -64.767 1"
"32",32.303,-64.767,2,2390.98333333333,226.983333333333,"32.303 -64.767 2"
"33",32.303,-64.767,3,3401.41666666667,664.683333333333,"32.303 -64.767 3"
"34",32.303,-64.767,4,6367.56666666667,2852.7,"32.303 -64.767 4"
"35",32.303,-64.767,5,7343.93333333333,5285.63333333333,"32.303 -64.767 5"
"36",32.303,-64.767,6,6569.88333333333,3607.95,"32.303 -64.767 6"
"37",32.303,-64.767,7,8379.95,8433.13333333333,"32.303 -64.767 7"
"38",32.303,-64.767,8,8377.18333333333,8985.21666666667,"32.303 -64.767 8"
"39",32.303,-64.767,9,8069.7,8009.23333333333,"32.303 -64.767 9"
"40",32.303,-64.767,10,7911.83333333333,8035.95,"32.303 -64.767 10"
"41",32.303,-64.767,11,8327.31666666667,9224.73333333333,"32.303 -64.767 11"
"42",32.303,-64.767,12,6625.6,6311.85,"32.303 -64.767 12"
"43",32.303,-64.767,13,4580.9,3638.6,"32.303 -64.767 13"
"44",32.303,-64.767,14,8104.28333333333,8565.65,"32.303 -64.767 14"
"45",32.303,-64.767,15,8404.36666666667,8114.63333333333,"32.303 -64.767 15"
"46",32.303,-64.767,16,6926.98333333333,5071.9,"32.303 -64.767 16"
"47",32.303,-64.767,17,789.266666666667,1.86666666666667,"32.303 -64.767 17"
"48",32.303,-64.767,18,4699.21666666667,1247.46666666667,"32.303 -64.767 18"
"49",32.303,-64.767,19,6867.2,3905.6,"32.303 -64.767 19"
"50",32.303,-64.767,20,6843.06666666667,4019.9,"32.303 -64.767 20"
"51",32.303,-64.767,21,5416.76666666667,1676.03333333333,"32.303 -64.767 21"
"52",32.303,-64.767,22,6405.46666666667,2994.7,"32.303 -64.767 22"
"53",32.303,-64.767,23,4020.36666666667,328.6,"32.303 -64.767 23"
"54",32.303,-64.767,24,6493.91666666667,3287.65,"32.303 -64.767 24"
"55",32.303,-64.767,25,7878.43333333333,7282.75,"32.303 -64.767 25"
"56",32.303,-64.767,26,6761.23333333333,4325.61666666667,"32.303 -64.767 26"
"57",32.303,-64.767,27,7062.31666666667,4035.13333333333,"32.303 -64.767 27"
"58",32.303,-64.767,28,5434.88333333333,1813.48333333333,"32.303 -64.767 28"
"59",32.303,-64.767,29,7722.25,5104.06666666667,"32.303 -64.767 29"
"60",32.303,-64.767,30,6488.98333333333,2825.38333333333,"32.303 -64.767 30"
"61",36.605,-97.515,1,7745.31666666667,7130.88333333333,"36.605 -97.515 1"
"62",36.605,-97.515,2,7213.16666666667,6894.4,"36.605 -97.515 2"
"63",36.605,-97.515,3,3329.51666666667,1345.75,"36.605 -97.515 3"
"64",36.605,-97.515,4,4146.76666666667,1327.58333333333,"36.605 -97.515 4"
"65",36.605,-97.515,5,1652.18333333333,28.4333333333333,"36.605 -97.515 5"
"66",36.605,-97.515,6,8148.65,8819.15,"36.605 -97.515 6"
"67",36.605,-97.515,7,3684.91666666667,1186.35,"36.605 -97.515 7"
"68",36.605,-97.515,8,8664.76666666667,10847.7166666667,"36.605 -97.515 8"
"69",36.605,-97.515,9,6168.78333333333,4515.93333333333,"36.605 -97.515 9"
"70",36.605,-97.515,10,2561.7,176.733333333333,"36.605 -97.515 10"
"71",36.605,-97.515,11,7775.46666666667,8060.06666666667,"36.605 -97.515 11"
"72",36.605,-97.515,12,5895.25,5580.43333333333,"36.605 -97.515 12"
"73",36.605,-97.515,13,7099.16666666667,5537.41666666667,"36.605 -97.515 13"
"74",36.605,-97.515,14,6341.88333333333,5269.51666666667,"36.605 -97.515 14"
"75",36.605,-97.515,15,7318.85,7361.68333333333,"36.605 -97.515 15"
"76",36.605,-97.515,16,8199.56666666667,8922.81666666667,"36.605 -97.515 16"
"77",36.605,-97.515,17,7624.13333333333,7691.9,"36.605 -97.515 17"
"78",36.605,-97.515,18,8083.25,7939.35,"36.605 -97.515 18"
"79",36.605,-97.515,19,6422.43333333333,4119.18333333333,"36.605 -97.515 19"
"80",36.605,-97.515,20,6322.73333333333,3753.46666666667,"36.605 -97.515 20"
"81",36.605,-97.515,21,6033.3,3255.4,"36.605 -97.515 21"
"82",36.605,-97.515,22,6760.33333333333,4624.86666666667,"36.605 -97.515 22"
"83",36.605,-97.515,23,7945.9,8483.93333333333,"36.605 -97.515 23"
"84",36.605,-97.515,24,6580.95,4789.55,"36.605 -97.515 24"
"85",36.605,-97.515,25,5463.63333333333,3424.95,"36.605 -97.515 25"
"86",36.605,-97.515,26,5697.85,4028.86666666667,"36.605 -97.515 26"
"87",36.605,-97.515,27,8237.63333333333,10102.4333333333,"36.605 -97.515 27"
"88",36.605,-97.515,28,4804.48333333333,2465.55,"36.605 -97.515 28"
"89",36.605,-97.515,29,6730.65,4466.18333333333,"36.605 -97.515 29"
"90",36.605,-97.515,30,7078.3,6434.63333333333,"36.605 -97.515 30"
"91",40.06,-88.37,1,2065.18333333333,787.533333333333,"40.06 -88.37 1"
"92",40.06,-88.37,2,856.166666666667,372.933333333333,"40.06 -88.37 2"
"93",40.06,-88.37,3,285.316666666667,0.316666666666667,"40.06 -88.37 3"
"94",40.06,-88.37,4,1413.1,249.3,"40.06 -88.37 4"
"95",40.06,-88.37,5,2689.43333333333,2772.45,"40.06 -88.37 5"
"96",40.06,-88.37,6,659.183333333333,453.466666666667,"40.06 -88.37 6"
"97",40.06,-88.37,7,2007.65,1465.9,"40.06 -88.37 7"
"98",40.06,-88.37,8,1913.63333333333,1583.41666666667,"40.06 -88.37 8"
"99",40.06,-88.37,9,2586.48333333333,2769.58333333333,"40.06 -88.37 9"
"100",40.06,-88.37,10,1298.16666666667,519.7,"40.06 -88.37 10"
"101",40.06,-88.37,11,1264.51666666667,203.5,"40.06 -88.37 11"
"102",40.06,-88.37,12,1210.8,320.55,"40.06 -88.37 12"
"103",40.06,-88.37,13,707.4,43,"40.06 -88.37 13"
"104",40.06,-88.37,14,2235.25,1329.06666666667,"40.06 -88.37 14"
"105",40.06,-88.37,15,2583.83333333333,2682.58333333333,"40.06 -88.37 15"
"106",40.06,-88.37,16,2601.68333333333,2549.16666666667,"40.06 -88.37 16"
"107",40.06,-88.37,17,2635.31666666667,2803.85,"40.06 -88.37 17"
"108",40.06,-88.37,18,2186.48333333333,1371.61666666667,"40.06 -88.37 18"
"109",40.06,-88.37,19,2681.61666666667,2578.6,"40.06 -88.37 19"
"110",40.06,-88.37,20,2915.31666666667,3836.13333333333,"40.06 -88.37 20"
"111",40.06,-88.37,21,2863.91666666667,3683.73333333333,"40.06 -88.37 21"
"112",40.06,-88.37,22,2812.18333333333,3249.31666666667,"40.06 -88.37 22"
"113",40.06,-88.37,23,2659.83333333333,2549.21666666667,"40.06 -88.37 23"
"114",40.06,-88.37,24,2649.15,2683.5,"40.06 -88.37 24"
"115",40.06,-88.37,25,2604.78333333333,2674.83333333333,"40.06 -88.37 25"
"116",40.06,-88.37,26,1602.13333333333,767.2,"40.06 -88.37 26"
"117",40.06,-88.37,27,2835.7,3573.95,"40.06 -88.37 27"
"118",40.06,-88.37,28,1598.16666666667,910.416666666667,"40.06 -88.37 28"
"119",40.06,-88.37,29,1718.73333333333,710.233333333333,"40.06 -88.37 29"
"120",40.06,-88.37,30,2287.71666666667,1491.65,"40.06 -88.37 30"
"121",40.125,-105.237,1,1446.2,822.783333333333,"40.125 -105.237 1"
"122",40.125,-105.237,2,2553.55,2882.71666666667,"40.125 -105.237 2"
"123",40.125,-105.237,3,2075.16666666667,1183.88333333333,"40.125 -105.237 3"
"124",40.125,-105.237,4,822.783333333333,57.5,"40.125 -105.237 4"
"125",40.125,-105.237,5,2089.68333333333,1341.06666666667,"40.125 -105.237 5"
"126",40.125,-105.237,6,2020.66666666667,1146.71666666667,"40.125 -105.237 6"
"127",40.125,-105.237,7,2218.43333333333,1368.91666666667,"40.125 -105.237 7"
"128",40.125,-105.237,8,2777.41666666667,3267.9,"40.125 -105.237 8"
"129",40.125,-105.237,9,1573.36666666667,1087.51666666667,"40.125 -105.237 9"
"130",40.125,-105.237,10,1989.56666666667,1613.56666666667,"40.125 -105.237 10"
"131",40.125,-105.237,11,2190.41666666667,1912.98333333333,"40.125 -105.237 11"
"132",40.125,-105.237,12,2459.83333333333,2297.16666666667,"40.125 -105.237 12"
"133",40.125,-105.237,13,1663.3,698.583333333333,"40.125 -105.237 13"
"134",40.125,-105.237,14,2567.4,2622.55,"40.125 -105.237 14"
"135",40.125,-105.237,15,2653.36666666667,2968.21666666667,"40.125 -105.237 15"
"136",40.125,-105.237,16,1855.26666666667,1033.96666666667,"40.125 -105.237 16"
"137",40.125,-105.237,17,1697.25,1107.66666666667,"40.125 -105.237 17"
"138",40.125,-105.237,18,1305.9,208.916666666667,"40.125 -105.237 18"
"139",40.125,-105.237,19,1760.73333333333,717.083333333333,"40.125 -105.237 19"
"140",40.125,-105.237,20,1635.46666666667,1006.55,"40.125 -105.237 20"
"141",40.125,-105.237,21,2795.3,2811.23333333333,"40.125 -105.237 21"
"142",40.125,-105.237,22,2727.68333333333,2962.43333333333,"40.125 -105.237 22"
"143",40.125,-105.237,23,2209.2,1755.88333333333,"40.125 -105.237 23"
"144",40.125,-105.237,24,440.116666666667,2.5,"40.125 -105.237 24"
"145",40.125,-105.237,25,1303.18333333333,230.116666666667,"40.125 -105.237 25"
"146",40.125,-105.237,26,2876.85,3468.98333333333,"40.125 -105.237 26"
"147",40.125,-105.237,27,2958.58333333333,3787.23333333333,"40.125 -105.237 27"
"148",40.125,-105.237,28,2845.58333333333,3511.03333333333,"40.125 -105.237 28"
"149",40.125,-105.237,29,1698.5,650.566666666667,"40.125 -105.237 29"
"150",40.125,-105.237,30,2662.03333333333,2844.18333333333,"40.125 -105.237 30"
"151",40.048,-105.007,1,4625.08333333333,3092.51666666667,"40.048 -105.007 1"
"152",40.048,-105.007,2,8242.05,9782.98333333333,"40.048 -105.007 2"
"153",40.048,-105.007,3,6498.06666666667,3660.11666666667,"40.048 -105.007 3"
"154",40.048,-105.007,4,2450.75,13.9,"40.048 -105.007 4"
"155",40.048,-105.007,5,6360.11666666667,0,"40.048 -105.007 5"
"156",40.048,-105.007,6,6751.1,1466.5,"40.048 -105.007 6"
"157",40.048,-105.007,7,7651.98333333333,0.05,"40.048 -105.007 7"
"158",40.048,-105.007,8,8480.53333333333,7746.4,"40.048 -105.007 8"
"159",40.048,-105.007,9,5286.38333333333,2441.1,"40.048 -105.007 9"
"160",40.048,-105.007,10,7370.88333333333,174.983333333333,"40.048 -105.007 10"
"161",40.048,-105.007,11,7257.36666666667,6720.46666666667,"40.048 -105.007 11"
"162",40.048,-105.007,12,6650.78333333333,6287.68333333333,"40.048 -105.007 12"
"163",40.048,-105.007,13,5015.13333333333,1515.31666666667,"40.048 -105.007 13"
"164",40.048,-105.007,14,7851.15,8443.4,"40.048 -105.007 14"
"165",40.048,-105.007,15,8687.23333333333,10113.9166666667,"40.048 -105.007 15"
"166",40.048,-105.007,16,6709.85,4381.25,"40.048 -105.007 16"
"167",40.048,-105.007,17,5943.51666666667,4027.06666666667,"40.048 -105.007 17"
"168",40.048,-105.007,18,4425.31666666667,1433.2,"40.048 -105.007 18"
"169",40.048,-105.007,19,6483.36666666667,3331.66666666667,"40.048 -105.007 19"
"170",40.048,-105.007,20,6107.16666666667,4534.63333333333,"40.048 -105.007 20"
"171",40.048,-105.007,21,8340.23333333333,8865.66666666667,"40.048 -105.007 21"
"172",40.048,-105.007,22,8496.5,9956.9,"40.048 -105.007 22"
"173",40.048,-105.007,23,6639.86666666667,5276.8,"40.048 -105.007 23"
"174",40.048,-105.007,24,1666.83333333333,221.35,"40.048 -105.007 24"
"175",40.048,-105.007,25,5886.18333333333,3014.35,"40.048 -105.007 25"
"176",40.048,-105.007,26,8666.8,10447.8666666667,"40.048 -105.007 26"
"177",40.048,-105.007,27,8838.23333333333,11491.8166666667,"40.048 -105.007 27"
"178",40.048,-105.007,28,8444.68333333333,10427.5833333333,"40.048 -105.007 28"
"179",40.048,-105.007,29,5731.58333333333,3175.4,"40.048 -105.007 29"
"180",40.048,-105.007,30,8184,9269.41666666667,"40.048 -105.007 30"
"181",50.217,-5.317,1,3605.46666666667,1257.2,"50.217 -5.317 1"
"182",50.217,-5.317,2,6633.68333333333,4312.9,"50.217 -5.317 2"
"183",50.217,-5.317,3,3302.36666666667,900.566666666667,"50.217 -5.317 3"
"184",50.217,-5.317,4,3936.61666666667,2251.16666666667,"50.217 -5.317 4"
"185",50.217,-5.317,5,5326.98333333333,1824.05,"50.217 -5.317 5"
"186",50.217,-5.317,6,5176.58333333333,2202.86666666667,"50.217 -5.317 6"
"187",50.217,-5.317,7,5028.85,1825.08333333333,"50.217 -5.317 7"
"188",50.217,-5.317,8,5482.18333333333,3489.93333333333,"50.217 -5.317 8"
"189",50.217,-5.317,9,4666.1,973.116666666667,"50.217 -5.317 9"
"190",50.217,-5.317,10,4016.08333333333,460.1,"50.217 -5.317 10"
"191",50.217,-5.317,11,5244.55,437.033333333333,"50.217 -5.317 11"
"192",50.217,-5.317,12,8218.25,9535.11666666667,"50.217 -5.317 12"
"193",50.217,-5.317,13,6693.45,5779.55,"50.217 -5.317 13"
"194",50.217,-5.317,14,8331.2,10138.6166666667,"50.217 -5.317 14"
"195",50.217,-5.317,15,8267.36666666667,9287.28333333333,"50.217 -5.317 15"
"196",50.217,-5.317,16,7452.2,7023.86666666667,"50.217 -5.317 16"
"197",50.217,-5.317,17,7298.53333333333,7230.93333333333,"50.217 -5.317 17"
"198",50.217,-5.317,18,2063.4,1.73333333333333,"50.217 -5.317 18"
"199",50.217,-5.317,19,3613.51666666667,18.35,"50.217 -5.317 19"
"200",50.217,-5.317,20,8484.26666666667,10163.7166666667,"50.217 -5.317 20"
"201",50.217,-5.317,21,7106.26666666667,5967.38333333333,"50.217 -5.317 21"
"202",50.217,-5.317,22,2133.08333333333,194.55,"50.217 -5.317 22"
"203",50.217,-5.317,23,8473.88333333333,9913.9,"50.217 -5.317 23"
"204",50.217,-5.317,24,6338.86666666667,5074.5,"50.217 -5.317 24"
"205",50.217,-5.317,25,4262.76666666667,1458.46666666667,"50.217 -5.317 25"
"206",50.217,-5.317,26,5549.4,2278.66666666667,"50.217 -5.317 26"
"207",50.217,-5.317,27,8076.28333333333,8981.45,"50.217 -5.317 27"
"208",50.217,-5.317,28,7643.53333333333,7369.68333333333,"50.217 -5.317 28"
"209",50.217,-5.317,29,4241.86666666667,1284.96666666667,"50.217 -5.317 29"
"210",50.217,-5.317,30,7388.43333333333,0,"50.217 -5.317 30"
"211",44.083,5.05901,1,7623.76666666667,7199.78333333333,"44.083 5.05901 1"
"212",44.083,5.05901,2,7669.16666666667,7253.91666666667,"44.083 5.05901 2"
"213",44.083,5.05901,3,5914.98333333333,4254.33333333333,"44.083 5.05901 3"
"214",44.083,5.05901,4,7679.21666666667,8113.15,"44.083 5.05901 4"
"215",44.083,5.05901,5,6699.36666666667,5170.2,"44.083 5.05901 5"
"216",44.083,5.05901,6,8124.16666666667,9442.28333333333,"44.083 5.05901 6"
"217",44.083,5.05901,7,8150.88333333333,9213.15,"44.083 5.05901 7"
"218",44.083,5.05901,8,8126.46666666667,8904.85,"44.083 5.05901 8"
"219",44.083,5.05901,9,8332.4,9736.73333333333,"44.083 5.05901 9"
"220",44.083,5.05901,10,8134.51666666667,8870.78333333333,"44.083 5.05901 10"
"221",44.083,5.05901,11,8237.05,9478.33333333333,"44.083 5.05901 11"
"222",44.083,5.05901,12,8213.86666666667,9525.21666666667,"44.083 5.05901 12"
"223",44.083,5.05901,13,8139.73333333333,8766.03333333333,"44.083 5.05901 13"
"224",44.083,5.05901,14,7687.7,7817.15,"44.083 5.05901 14"
"225",44.083,5.05901,15,5533.01666666667,2869.6,"44.083 5.05901 15"
"226",44.083,5.05901,16,8160.71666666667,8298.88333333333,"44.083 5.05901 16"
"227",44.083,5.05901,17,7261.3,6837.55,"44.083 5.05901 17"
"228",44.083,5.05901,18,8243.18333333333,9180.16666666667,"44.083 5.05901 18"
"229",44.083,5.05901,19,8514.78333333333,11338.35,"44.083 5.05901 19"
"230",44.083,5.05901,20,8591.4,11291.3666666667,"44.083 5.05901 20"
"231",44.083,5.05901,21,8740.45,12130.5666666667,"44.083 5.05901 21"
"232",44.083,5.05901,22,8198.58333333333,9684.33333333333,"44.083 5.05901 22"
"233",44.083,5.05901,23,8395.38333333333,10355.0333333333,"44.083 5.05901 23"
"234",44.083,5.05901,24,7587.2,5904,"44.083 5.05901 24"
"235",44.083,5.05901,25,7397.9,5819.28333333333,"44.083 5.05901 25"
"236",44.083,5.05901,26,6972.36666666667,5020.56666666667,"44.083 5.05901 26"
"237",44.083,5.05901,27,8158.9,9129.78333333333,"44.083 5.05901 27"
"238",44.083,5.05901,28,6191.15,3696.2,"44.083 5.05901 28"
"239",44.083,5.05901,29,8147.8,9137.73333333333,"44.083 5.05901 29"
"240",44.083,5.05901,30,8017.88333333333,8757.55,"44.083 5.05901 30"
"241",36.905,-75.713,1,0,0,"36.905 -75.713 1"
"242",36.905,-75.713,2,0,0,"36.905 -75.713 2"
"243",36.905,-75.713,3,5262.43333333333,1856.16666666667,"36.905 -75.713 3"
"244",36.905,-75.713,4,2473.66666666667,117.316666666667,"36.905 -75.713 4"
"245",36.905,-75.713,5,7050.46666666667,4665.75,"36.905 -75.713 5"
"246",36.905,-75.713,6,7738.95,6969.18333333333,"36.905 -75.713 6"
"247",36.905,-75.713,7,2876.01666666667,120.083333333333,"36.905 -75.713 7"
"248",36.905,-75.713,8,2165.28333333333,4.3,"36.905 -75.713 8"
"249",36.905,-75.713,9,5833.56666666667,4099.05,"36.905 -75.713 9"
"250",36.905,-75.713,10,7786.55,5624.16666666667,"36.905 -75.713 10"
"251",36.905,-75.713,11,7293.71666666667,5158.03333333333,"36.905 -75.713 11"
"252",36.905,-75.713,12,7454.31666666667,5651.95,"36.905 -75.713 12"
"253",36.905,-75.713,13,6602.68333333333,4344.35,"36.905 -75.713 13"
"254",36.905,-75.713,14,5793.31666666667,2638.41666666667,"36.905 -75.713 14"
"255",36.905,-75.713,15,2900.16666666667,273.066666666667,"36.905 -75.713 15"
"256",36.905,-75.713,16,5519.03333333333,1430.35,"36.905 -75.713 16"
"257",36.905,-75.713,17,1494.21666666667,0.1,"36.905 -75.713 17"
"258",36.905,-75.713,18,6487.61666666667,4519.11666666667,"36.905 -75.713 18"
"259",36.905,-75.713,19,2321.26666666667,405.783333333333,"36.905 -75.713 19"
"260",36.905,-75.713,20,3279,83.6166666666667,"36.905 -75.713 20"
"261",36.905,-75.713,21,7498.23333333333,6664.88333333333,"36.905 -75.713 21"
"262",36.905,-75.713,22,6327.01666666667,5250.13333333333,"36.905 -75.713 22"
"263",36.905,-75.713,23,8221.88333333333,9152.1,"36.905 -75.713 23"
"264",36.905,-75.713,24,0,0,"36.905 -75.713 24"
"265",36.905,-75.713,25,8283.91666666667,9224.96666666667,"36.905 -75.713 25"
"266",36.905,-75.713,26,7694.81666666667,6957.3,"36.905 -75.713 26"
"267",36.905,-75.713,27,4549.26666666667,3645.63333333333,"36.905 -75.713 27"
"268",36.905,-75.713,28,5884.51666666667,2307.46666666667,"36.905 -75.713 28"
"269",36.905,-75.713,29,7803.86666666667,7323.38333333333,"36.905 -75.713 29"
"270",36.905,-75.713,30,7167.36666666667,5292.6,"36.905 -75.713 30"
"271",-30.665,23.993,1,3519.18333333333,5511.61666666667,"-30.665 23.993 1"
"272",-30.665,23.993,2,3174.05,4000.03333333333,"-30.665 23.993 2"
"273",-30.665,23.993,3,1988.16666666667,1695.55,"-30.665 23.993 3"
"274",-30.665,23.993,4,3869.95,7941.05,"-30.665 23.993 4"
"275",-30.665,23.993,5,3841.78333333333,8188.21666666667,"-30.665 23.993 5"
"276",-30.665,23.993,6,3860.91666666667,8025.58333333333,"-30.665 23.993 6"
"277",-30.665,23.993,7,3728.16666666667,7255.78333333333,"-30.665 23.993 7"
"278",-30.665,23.993,8,3802.68333333333,1505.46666666667,"-30.665 23.993 8"
"279",-30.665,23.993,9,3778.06666666667,8080.88333333333,"-30.665 23.993 9"
"280",-30.665,23.993,10,3775.96666666667,8121.61666666667,"-30.665 23.993 10"
"281",-30.665,23.993,11,3699.71666666667,7677.13333333333,"-30.665 23.993 11"
"282",-30.665,23.993,12,3630.8,7282.18333333333,"-30.665 23.993 12"
"283",-30.665,23.993,13,3667.36666666667,7655.8,"-30.665 23.993 13"
"284",-30.665,23.993,14,3683.56666666667,7751.2,"-30.665 23.993 14"
"285",-30.665,23.993,15,3633.71666666667,7640.46666666667,"-30.665 23.993 15"
"286",-30.665,23.993,16,3705.65,7789.35,"-30.665 23.993 16"
"287",-30.665,23.993,17,3559.75,7217.43333333333,"-30.665 23.993 17"
"288",-30.665,23.993,18,3515.1,6947.1,"-30.665 23.993 18"
"289",-30.665,23.993,19,3575.33333333333,7208.7,"-30.665 23.993 19"
"290",-30.665,23.993,20,3482.96666666667,6566.25,"-30.665 23.993 20"
"291",-30.665,23.993,21,2958.58333333333,4463.91666666667,"-30.665 23.993 21"
"292",-30.665,23.993,22,3006.88333333333,3042.56666666667,"-30.665 23.993 22"
"293",-30.665,23.993,23,3571.76666666667,7129.06666666667,"-30.665 23.993 23"
"294",-30.665,23.993,24,3709.06666666667,8062.63333333333,"-30.665 23.993 24"
"295",-30.665,23.993,25,3698.81666666667,7933.36666666667,"-30.665 23.993 25"
"296",-30.665,23.993,26,3542.9,6751.2,"-30.665 23.993 26"
"297",-30.665,23.993,27,3682.75,7800.75,"-30.665 23.993 27"
"298",-30.665,23.993,28,3716.7,7868.16666666667,"-30.665 23.993 28"
"299",-30.665,23.993,29,3643.51666666667,7388.71666666667,"-30.665 23.993 29"
"300",-30.665,23.993,30,3714.71666666667,7617.68333333333,"-30.665 23.993 30"
"301",-12.425,130.891,1,5339.93333333333,7041.36666666667,"-12.425 130.891 1"
"302",-12.425,130.891,2,3941.5,4419.26666666667,"-12.425 130.891 2"
"303",-12.425,130.891,3,4961.6,6312.38333333333,"-12.425 130.891 3"
"304",-12.425,130.891,4,4540.71666666667,5870.28333333333,"-12.425 130.891 4"
"305",-12.425,130.891,5,5389.45,8128.63333333333,"-12.425 130.891 5"
"306",-12.425,130.891,6,5280.78333333333,7346.56666666667,"-12.425 130.891 6"
"307",-12.425,130.891,7,4757.95,6258.01666666667,"-12.425 130.891 7"
"308",-12.425,130.891,8,5494.8,8104.73333333333,"-12.425 130.891 8"
"309",-12.425,130.891,9,5486.1,8045.88333333333,"-12.425 130.891 9"
"310",-12.425,130.891,10,5569.2,8209.31666666667,"-12.425 130.891 10"
"311",-12.425,130.891,11,5489.4,7870.03333333333,"-12.425 130.891 11"
"312",-12.425,130.891,12,5444.56666666667,7802.63333333333,"-12.425 130.891 12"
"313",-12.425,130.891,13,5407.31666666667,7705.06666666667,"-12.425 130.891 13"
"314",-12.425,130.891,14,5151.15,7011.06666666667,"-12.425 130.891 14"
"315",-12.425,130.891,15,4369.4,4128.06666666667,"-12.425 130.891 15"
"316",-12.425,130.891,16,3639.45,2346.88333333333,"-12.425 130.891 16"
"317",-12.425,130.891,17,5331.46666666667,7444.23333333333,"-12.425 130.891 17"
"318",-12.425,130.891,18,5441.86666666667,8047.81666666667,"-12.425 130.891 18"
"319",-12.425,130.891,19,5317.4,7043.25,"-12.425 130.891 19"
"320",-12.425,130.891,20,5537.75,8225.33333333333,"-12.425 130.891 20"
"321",-12.425,130.891,21,5565.1,8562.25,"-12.425 130.891 21"
"322",-12.425,130.891,22,5522.31666666667,8460.78333333333,"-12.425 130.891 22"
"323",-12.425,130.891,23,5301.3,7672.15,"-12.425 130.891 23"
"324",-12.425,130.891,24,5511.6,8174.96666666667,"-12.425 130.891 24"
"325",-12.425,130.891,25,5516.18333333333,8478.88333333333,"-12.425 130.891 25"
"326",-12.425,130.891,26,5684.2,8823.53333333333,"-12.425 130.891 26"
"327",-12.425,130.891,27,5605.28333333333,8704.06666666667,"-12.425 130.891 27"
"328",-12.425,130.891,28,5237.66666666667,8004.85,"-12.425 130.891 28"
"329",-12.425,130.891,29,5559.6,8405.43333333333,"-12.425 130.891 29"
"330",-12.425,130.891,30,5393.2,6966.36666666667,"-12.425 130.891 30"
"331",36.626,-116.018,1,2938.9,3827.2,"36.626 -116.018 1"
"332",36.626,-116.018,2,2965.8,3915.05,"36.626 -116.018 2"
"333",36.626,-116.018,3,2934.66666666667,3743.81666666667,"36.626 -116.018 3"
"334",36.626,-116.018,4,2888.28333333333,3417.06666666667,"36.626 -116.018 4"
"335",36.626,-116.018,5,2887.05,3275.9,"36.626 -116.018 5"
"336",36.626,-116.018,6,2901.48333333333,3442.9,"36.626 -116.018 6"
"337",36.626,-116.018,7,2916.48333333333,3572.85,"36.626 -116.018 7"
"338",36.626,-116.018,8,2805.86666666667,3067.56666666667,"36.626 -116.018 8"
"339",36.626,-116.018,9,2737.55,3080.51666666667,"36.626 -116.018 9"
"340",36.626,-116.018,10,2944.85,3624.48333333333,"36.626 -116.018 10"
"341",36.626,-116.018,11,2976.4,3797.4,"36.626 -116.018 11"
"342",36.626,-116.018,12,3017.16666666667,3945.46666666667,"36.626 -116.018 12"
"343",36.626,-116.018,13,2973.66666666667,3697.91666666667,"36.626 -116.018 13"
"344",36.626,-116.018,14,2997.81666666667,3835.3,"36.626 -116.018 14"
"345",36.626,-116.018,15,2995.51666666667,3813.36666666667,"36.626 -116.018 15"
"346",36.626,-116.018,16,2921.56666666667,3277.96666666667,"36.626 -116.018 16"
"347",36.626,-116.018,17,2992.15,3788.51666666667,"36.626 -116.018 17"
"348",36.626,-116.018,18,3032.26666666667,3929.6,"36.626 -116.018 18"
"349",36.626,-116.018,19,2754.38333333333,2607.1,"36.626 -116.018 19"
"350",36.626,-116.018,20,2951.5,3500.23333333333,"36.626 -116.018 20"
"351",36.626,-116.018,21,2980.56666666667,3836.86666666667,"36.626 -116.018 21"
"352",36.626,-116.018,22,2966.9,3704.86666666667,"36.626 -116.018 22"
"353",36.626,-116.018,23,2968.58333333333,3628.11666666667,"36.626 -116.018 23"
"354",36.626,-116.018,24,2814.81666666667,3517.86666666667,"36.626 -116.018 24"
"355",36.626,-116.018,25,3046.5,4057.51666666667,"36.626 -116.018 25"
"356",36.626,-116.018,26,3037,4021.33333333333,"36.626 -116.018 26"
"357",36.626,-116.018,27,3057.03333333333,4070.36666666667,"36.626 -116.018 27"
"358",36.626,-116.018,28,3059.4,4078.38333333333,"36.626 -116.018 28"
"359",36.626,-116.018,29,3037.21666666667,4015.38333333333,"36.626 -116.018 29"
"360",36.626,-116.018,30,3066.36666666667,4181.73333333333,"36.626 -116.018 30"
"361",36.605,-97.485,1,7910.35,7056.2,"36.605 -97.485 1"
"362",36.605,-97.485,2,7338.65,6838.83333333333,"36.605 -97.485 2"
"363",36.605,-97.485,3,3426.16666666667,1331.6,"36.605 -97.485 3"
"364",36.605,-97.485,4,4276.25,1302.58333333333,"36.605 -97.485 4"
"365",36.605,-97.485,5,1725.11666666667,24.3666666666667,"36.605 -97.485 5"
"366",36.605,-97.485,6,8287.06666666667,8722.6,"36.605 -97.485 6"
"367",36.605,-97.485,7,3804.01666666667,1170.85,"36.605 -97.485 7"
"368",36.605,-97.485,8,8817.95,10744.65,"36.605 -97.485 8"
"369",36.605,-97.485,9,6286.66666666667,4478.55,"36.605 -97.485 9"
"370",36.605,-97.485,10,2648.3,169.533333333333,"36.605 -97.485 10"
"371",36.605,-97.485,11,7934.81666666667,7978.75,"36.605 -97.485 11"
"372",36.605,-97.485,12,6034.96666666667,5507.2,"36.605 -97.485 12"
"373",36.605,-97.485,13,7261.45,5465.16666666667,"36.605 -97.485 13"
"374",36.605,-97.485,14,6484.83333333333,5192.6,"36.605 -97.485 14"
"375",36.605,-97.485,15,7450.1,7247.61666666667,"36.605 -97.485 15"
"376",36.605,-97.485,16,8375.73333333333,8794.88333333333,"36.605 -97.485 16"
"377",36.605,-97.485,17,7792.86666666667,7591.7,"36.605 -97.485 17"
"378",36.605,-97.485,18,8266.65,7819.91666666667,"36.605 -97.485 18"
"379",36.605,-97.485,19,6570.95,3994.4,"36.605 -97.485 19"
"380",36.605,-97.485,20,6475.4,3685.98333333333,"36.605 -97.485 20"
"381",36.605,-97.485,21,6174.5,3183.73333333333,"36.605 -97.485 21"
"382",36.605,-97.485,22,6887.68333333333,4528.78333333333,"36.605 -97.485 22"
"383",36.605,-97.485,23,8093.73333333333,8367.08333333333,"36.605 -97.485 23"
"384",36.605,-97.485,24,6691.95,4718.65,"36.605 -97.485 24"
"385",36.605,-97.485,25,5589.85,3380.05,"36.605 -97.485 25"
"386",36.605,-97.485,26,5837.05,3979.98333333333,"36.605 -97.485 26"
"387",36.605,-97.485,27,8423.96666666667,10002.85,"36.605 -97.485 27"
"388",36.605,-97.485,28,4952.45,2433.28333333333,"36.605 -97.485 28"
"389",36.605,-97.485,29,6875.98333333333,4424.08333333333,"36.605 -97.485 29"
"390",36.605,-97.485,30,7223.6,6343.86666666667,"36.605 -97.485 30"
"391",48.31,-105.1,1,588.516666666667,177.216666666667,"48.31 -105.1 1"
"392",48.31,-105.1,2,1270.75,851.316666666667,"48.31 -105.1 2"
"393",48.31,-105.1,3,2282.85,2065.81666666667,"48.31 -105.1 3"
"394",48.31,-105.1,4,1285.33333333333,558.8,"48.31 -105.1 4"
"395",48.31,-105.1,5,1137.1,368.366666666667,"48.31 -105.1 5"
"396",48.31,-105.1,6,1891.63333333333,1274.05,"48.31 -105.1 6"
"397",48.31,-105.1,7,841.883333333333,228.116666666667,"48.31 -105.1 7"
"398",48.31,-105.1,8,1993.4,1945.75,"48.31 -105.1 8"
"399",48.31,-105.1,9,705.666666666667,284.95,"48.31 -105.1 9"
"400",48.31,-105.1,10,1489.2,588.916666666667,"48.31 -105.1 10"
"401",48.31,-105.1,11,828.333333333333,579.95,"48.31 -105.1 11"
"402",48.31,-105.1,12,1978.03333333333,2016.35,"48.31 -105.1 12"
"403",48.31,-105.1,13,2529.6,3624.86666666667,"48.31 -105.1 13"
"404",48.31,-105.1,14,2118.05,2197.81666666667,"48.31 -105.1 14"
"405",48.31,-105.1,15,1542.85,1201.3,"48.31 -105.1 15"
"406",48.31,-105.1,16,1972.35,1680.78333333333,"48.31 -105.1 16"
"407",48.31,-105.1,17,1940.8,2163.36666666667,"48.31 -105.1 17"
"408",48.31,-105.1,18,2484.5,3477.85,"48.31 -105.1 18"
"409",48.31,-105.1,19,2642.11666666667,3630.55,"48.31 -105.1 19"
"410",48.31,-105.1,20,2087.36666666667,2324.95,"48.31 -105.1 20"
"411",48.31,-105.1,21,1485.43333333333,1019.96666666667,"48.31 -105.1 21"
"412",48.31,-105.1,22,2369.7,2892.11666666667,"48.31 -105.1 22"
"413",48.31,-105.1,23,2092.96666666667,2046.46666666667,"48.31 -105.1 23"
"414",48.31,-105.1,24,1398.91666666667,571.2,"48.31 -105.1 24"
"415",48.31,-105.1,25,1733.7,1008.85,"48.31 -105.1 25"
"416",48.31,-105.1,26,1778.38333333333,2084.51666666667,"48.31 -105.1 26"
"417",48.31,-105.1,27,1642.41666666667,1184.08333333333,"48.31 -105.1 27"
"418",48.31,-105.1,28,2123.81666666667,2294.78333333333,"48.31 -105.1 28"
"419",48.31,-105.1,29,2578.93333333333,3702.66666666667,"48.31 -105.1 29"
"420",48.31,-105.1,30,2606.06666666667,3486.61666666667,"48.31 -105.1 30"
"421",34.25,-80.87,1,2679.98333333333,2849.86666666667,"34.25 -80.87 1"
"422",34.25,-80.87,2,1525.61666666667,634.3,"34.25 -80.87 2"
"423",34.25,-80.87,3,2084.46666666667,0,"34.25 -80.87 3"
"424",34.25,-80.87,4,522.666666666667,0,"34.25 -80.87 4"
"425",34.25,-80.87,5,0,0,"34.25 -80.87 5"
"426",34.25,-80.87,6,0,0,"34.25 -80.87 6"
"427",34.25,-80.87,7,0,0,"34.25 -80.87 7"
"428",34.25,-80.87,8,0,0,"34.25 -80.87 8"
"429",34.25,-80.87,9,0,0,"34.25 -80.87 9"
"430",34.25,-80.87,10,0,0,"34.25 -80.87 10"
"431",34.25,-80.87,11,0,0,"34.25 -80.87 11"
"432",34.25,-80.87,12,976.866666666667,0,"34.25 -80.87 12"
"433",34.25,-80.87,13,2311.28333333333,0,"34.25 -80.87 13"
"434",34.25,-80.87,14,1286.23333333333,0,"34.25 -80.87 14"
"435",34.25,-80.87,15,1524.06666666667,0,"34.25 -80.87 15"
"436",34.25,-80.87,16,1643.66666666667,0,"34.25 -80.87 16"
"437",34.25,-80.87,17,1102.31666666667,0,"34.25 -80.87 17"
"438",34.25,-80.87,18,1582.23333333333,0,"34.25 -80.87 18"
"439",34.25,-80.87,19,1935.15,0,"34.25 -80.87 19"
"440",34.25,-80.87,20,2599.65,0,"34.25 -80.87 20"
"441",34.25,-80.87,21,2904.33333333333,0,"34.25 -80.87 21"
"442",34.25,-80.87,22,2848.88333333333,0,"34.25 -80.87 22"
"443",34.25,-80.87,23,2767.8,0,"34.25 -80.87 23"
"444",34.25,-80.87,24,2740.95,0,"34.25 -80.87 24"
"445",34.25,-80.87,25,2611.38333333333,0,"34.25 -80.87 25"
"446",34.25,-80.87,26,1352.55,0,"34.25 -80.87 26"
"447",34.25,-80.87,27,2216,0,"34.25 -80.87 27"
"448",34.25,-80.87,28,2427.28333333333,0,"34.25 -80.87 28"
"449",34.25,-80.87,29,2570,0,"34.25 -80.87 29"
"450",34.25,-80.87,30,1176.25,0,"34.25 -80.87 30"
"451",-70.65,-8.25,1,-2.81666666666667,16.3833333333333,"-70.65 -8.25 1"
"452",-70.65,-8.25,2,-24.1833333333333,8.73333333333333,"-70.65 -8.25 2"
"453",-70.65,-8.25,3,-24.5833333333333,3.08333333333333,"-70.65 -8.25 3"
"454",-70.65,-8.25,4,-21.7166666666667,0.783333333333333,"-70.65 -8.25 4"
"455",-70.65,-8.25,5,-24.2166666666667,-0.3,"-70.65 -8.25 5"
"456",-70.65,-8.25,6,-18.3666666666667,1.4,"-70.65 -8.25 6"
"457",-70.65,-8.25,7,-19.4166666666667,0.1,"-70.65 -8.25 7"
"458",-70.65,-8.25,8,1.01666666666667,17.2,"-70.65 -8.25 8"
"459",-70.65,-8.25,9,0.366666666666667,20.8333333333333,"-70.65 -8.25 9"
"460",-70.65,-8.25,10,-6.93333333333333,15.55,"-70.65 -8.25 10"
"461",-70.65,-8.25,11,-2.45,25.3,"-70.65 -8.25 11"
"462",-70.65,-8.25,12,-15,3.85,"-70.65 -8.25 12"
"463",-70.65,-8.25,13,-9.7,1.2,"-70.65 -8.25 13"
"464",-70.65,-8.25,14,-5.28333333333333,6.5,"-70.65 -8.25 14"
"465",-70.65,-8.25,15,-8.73333333333333,-1.11666666666667,"-70.65 -8.25 15"
"466",-70.65,-8.25,16,-6.71666666666667,11.5,"-70.65 -8.25 16"
"467",-70.65,-8.25,17,-23.6,2.23333333333333,"-70.65 -8.25 17"
"468",-70.65,-8.25,18,-23.6833333333333,-1.31666666666667,"-70.65 -8.25 18"
"469",-70.65,-8.25,19,-20.85,3.08333333333333,"-70.65 -8.25 19"
"470",-70.65,-8.25,20,-19.8166666666667,1.83333333333333,"-70.65 -8.25 20"
"471",-70.65,-8.25,21,-2.16666666666667,15.8833333333333,"-70.65 -8.25 21"
"472",-70.65,-8.25,22,-21.75,3.93333333333333,"-70.65 -8.25 22"
"473",-70.65,-8.25,23,-21.8833333333333,0.45,"-70.65 -8.25 23"
"474",-70.65,-8.25,24,-13.6,4.25,"-70.65 -8.25 24"
"475",-70.65,-8.25,25,-11.8166666666667,6.36666666666667,"-70.65 -8.25 25"
"476",-70.65,-8.25,26,-15.25,-6.36666666666667,"-70.65 -8.25 26"
"477",-70.65,-8.25,27,-21.0666666666667,-0.883333333333333,"-70.65 -8.25 27"
"478",-70.65,-8.25,28,-22.0666666666667,0.466666666666667,"-70.65 -8.25 28"
"479",-70.65,-8.25,29,-23.7166666666667,0.116666666666667,"-70.65 -8.25 29"
"480",-70.65,-8.25,30,-20.1833333333333,2.46666666666667,"-70.65 -8.25 30"
"481",8.72,167.731,1,6345.16666666667,4640.31666666667,"8.72 167.731 1"
"482",8.72,167.731,2,6647.45,5670.2,"8.72 167.731 2"
"483",8.72,167.731,3,6180.4,5036.96666666667,"8.72 167.731 3"
"484",8.72,167.731,4,5859.38333333333,3503.4,"8.72 167.731 4"
"485",8.72,167.731,5,4153.53333333333,1604.53333333333,"8.72 167.731 5"
"486",8.72,167.731,6,5634.4,3874.8,"8.72 167.731 6"
"487",8.72,167.731,7,6333.81666666667,5976.98333333333,"8.72 167.731 7"
"488",8.72,167.731,8,5890.15,5464.21666666667,"8.72 167.731 8"
"489",8.72,167.731,9,5930.85,4442.53333333333,"8.72 167.731 9"
"490",8.72,167.731,10,6765.45,7342.85,"8.72 167.731 10"
"491",8.72,167.731,11,5374.11666666667,4020.03333333333,"8.72 167.731 11"
"492",8.72,167.731,12,6323,5545.11666666667,"8.72 167.731 12"
"493",8.72,167.731,13,6606.23333333333,6799.05,"8.72 167.731 13"
"494",8.72,167.731,14,6470.26666666667,6261.46666666667,"8.72 167.731 14"
"495",8.72,167.731,15,6163.36666666667,5717.51666666667,"8.72 167.731 15"
"496",8.72,167.731,16,2463.86666666667,276.983333333333,"8.72 167.731 16"
"497",8.72,167.731,17,4154.61666666667,1236.5,"8.72 167.731 17"
"498",8.72,167.731,18,6730.36666666667,5784.95,"8.72 167.731 18"
"499",8.72,167.731,19,6623.21666666667,6593.45,"8.72 167.731 19"
"500",8.72,167.731,20,6666.66666666667,6520.03333333333,"8.72 167.731 20"
"501",8.72,167.731,21,4828.46666666667,4039.91666666667,"8.72 167.731 21"
"502",8.72,167.731,22,4770.68333333333,3238.55,"8.72 167.731 22"
"503",8.72,167.731,23,7017.51666666667,7686.71666666667,"8.72 167.731 23"
"504",8.72,167.731,24,4145.55,2976.18333333333,"8.72 167.731 24"
"505",8.72,167.731,25,3118.23333333333,1474.75,"8.72 167.731 25"
"506",8.72,167.731,26,3836.48333333333,1413.25,"8.72 167.731 26"
"507",8.72,167.731,27,3479.86666666667,1178.03333333333,"8.72 167.731 27"
"508",8.72,167.731,28,3633.58333333333,3.48333333333333,"8.72 167.731 28"
"509",8.72,167.731,29,3273.45,0,"8.72 167.731 29"
"510",8.72,167.731,30,0,0,"8.72 167.731 30"
"511",-45.045,169.689,1,1139.41666666667,2357.98333333333,"-45.045 169.689 1"
"512",-45.045,169.689,2,936.3,1470.35,"-45.045 169.689 2"
"513",-45.045,169.689,3,1607.16666666667,3314.86666666667,"-45.045 169.689 3"
"514",-45.045,169.689,4,1564.33333333333,3740.3,"-45.045 169.689 4"
"515",-45.045,169.689,5,1418.73333333333,3478.46666666667,"-45.045 169.689 5"
"516",-45.045,169.689,6,1052.3,2010.26666666667,"-45.045 169.689 6"
"517",-45.045,169.689,7,1291.48333333333,3297.65,"-45.045 169.689 7"
"518",-45.045,169.689,8,474.15,0,"-45.045 169.689 8"
"519",-45.045,169.689,9,1142.01666666667,1353.81666666667,"-45.045 169.689 9"
"520",-45.045,169.689,10,2060.2,5528.46666666667,"-45.045 169.689 10"
"521",-45.045,169.689,11,1569.15,3350,"-45.045 169.689 11"
"522",-45.045,169.689,12,783.783333333333,1.2,"-45.045 169.689 12"
"523",-45.045,169.689,13,1051.4,907.15,"-45.045 169.689 13"
"524",-45.045,169.689,14,759.166666666667,65,"-45.045 169.689 14"
"525",-45.045,169.689,15,832.333333333333,565.216666666667,"-45.045 169.689 15"
"526",-45.045,169.689,16,1662.56666666667,3713.55,"-45.045 169.689 16"
"527",-45.045,169.689,17,1872.35,4250.36666666667,"-45.045 169.689 17"
"528",-45.045,169.689,18,1592.83333333333,3597.45,"-45.045 169.689 18"
"529",-45.045,169.689,19,1717.1,5088.63333333333,"-45.045 169.689 19"
"530",-45.045,169.689,20,1894,5405.13333333333,"-45.045 169.689 20"
"531",-45.045,169.689,21,1279.86666666667,2881.33333333333,"-45.045 169.689 21"
"532",-45.045,169.689,22,811.666666666667,1016.45,"-45.045 169.689 22"
"533",-45.045,169.689,23,1188.26666666667,1132.71666666667,"-45.045 169.689 23"
"534",-45.045,169.689,24,1665.56666666667,3136.4,"-45.045 169.689 24"
"535",-45.045,169.689,25,1948.53333333333,5589.56666666667,"-45.045 169.689 25"
"536",-45.045,169.689,26,1634.01666666667,3604.23333333333,"-45.045 169.689 26"
"537",-45.045,169.689,27,1009.53333333333,1059.45,"-45.045 169.689 27"
"538",-45.045,169.689,28,940.533333333333,146.133333333333,"-45.045 169.689 28"
"539",-45.045,169.689,29,979.783333333333,705.7,"-45.045 169.689 29"
"540",-45.045,169.689,30,685.35,717.583333333333,"-45.045 169.689 30"
"541",60.133,-1.183,1,3032.7,362.966666666667,"60.133 -1.183 1"
"542",60.133,-1.183,2,1186.2,0.45,"60.133 -1.183 2"
"543",60.133,-1.183,3,6806.91666666667,4846.46666666667,"60.133 -1.183 3"
"544",60.133,-1.183,4,1688.31666666667,0.183333333333333,"60.133 -1.183 4"
"545",60.133,-1.183,5,7138.31666666667,7518.26666666667,"60.133 -1.183 5"
"546",60.133,-1.183,6,4044.88333333333,2302.6,"60.133 -1.183 6"
"547",60.133,-1.183,7,6644.05,5519.78333333333,"60.133 -1.183 7"
"548",60.133,-1.183,8,3361.3,868.1,"60.133 -1.183 8"
"549",60.133,-1.183,9,2165.28333333333,28.65,"60.133 -1.183 9"
"550",60.133,-1.183,10,1044.71666666667,0,"60.133 -1.183 10"
"551",60.133,-1.183,11,3654.63333333333,884.666666666667,"60.133 -1.183 11"
"552",60.133,-1.183,12,4252.98333333333,802.883333333333,"60.133 -1.183 12"
"553",60.133,-1.183,13,3873.98333333333,636.933333333333,"60.133 -1.183 13"
"554",60.133,-1.183,14,3611.21666666667,1613.36666666667,"60.133 -1.183 14"
"555",60.133,-1.183,15,5155.63333333333,2124.65,"60.133 -1.183 15"
"556",60.133,-1.183,16,4462.81666666667,519.2,"60.133 -1.183 16"
"557",60.133,-1.183,17,3625.95,643.966666666667,"60.133 -1.183 17"
"558",60.133,-1.183,18,1820.86666666667,208.25,"60.133 -1.183 18"
"559",60.133,-1.183,19,3793.43333333333,1039.01666666667,"60.133 -1.183 19"
"560",60.133,-1.183,20,3044.66666666667,440.283333333333,"60.133 -1.183 20"
"561",60.133,-1.183,21,3435.88333333333,490.533333333333,"60.133 -1.183 21"
"562",60.133,-1.183,22,5712.98333333333,2915.73333333333,"60.133 -1.183 22"
"563",60.133,-1.183,23,761.766666666667,0,"60.133 -1.183 23"
"564",60.133,-1.183,24,5569.26666666667,2738.31666666667,"60.133 -1.183 24"
"565",60.133,-1.183,25,6664.95,5053.96666666667,"60.133 -1.183 25"
"566",60.133,-1.183,26,7493.46666666667,8115.18333333333,"60.133 -1.183 26"
"567",60.133,-1.183,27,3124.06666666667,112.633333333333,"60.133 -1.183 27"
"568",60.133,-1.183,28,4981.68333333333,3267.16666666667,"60.133 -1.183 28"
"569",60.133,-1.183,29,2343.88333333333,4.1,"60.133 -1.183 29"
"570",60.133,-1.183,30,4360.6,835.116666666667,"60.133 -1.183 30"
"571",52.21,14.122,1,8060.3,10085.5,"52.21 14.122 1"
"572",52.21,14.122,2,7999.73333333333,9029.93333333333,"52.21 14.122 2"
"573",52.21,14.122,3,7410.16666666667,6726.23333333333,"52.21 14.122 3"
"574",52.21,14.122,4,7149.18333333333,6688.9,"52.21 14.122 4"
"575",52.21,14.122,5,7030.73333333333,7300.25,"52.21 14.122 5"
"576",52.21,14.122,6,6375.36666666667,5491.83333333333,"52.21 14.122 6"
"577",52.21,14.122,7,7888.03333333333,8841.91666666667,"52.21 14.122 7"
"578",52.21,14.122,8,7910.3,9217.28333333333,"52.21 14.122 8"
"579",52.21,14.122,9,7851.38333333333,8448.05,"52.21 14.122 9"
"580",52.21,14.122,10,7070.51666666667,6381.75,"52.21 14.122 10"
"581",52.21,14.122,11,5722.71666666667,3707.01666666667,"52.21 14.122 11"
"582",52.21,14.122,12,7540.45,0,"52.21 14.122 12"
"583",52.21,14.122,13,7375.96666666667,2738.28333333333,"52.21 14.122 13"
"584",52.21,14.122,14,6722.55,4369.11666666667,"52.21 14.122 14"
"585",52.21,14.122,15,7359.56666666667,6963.05,"52.21 14.122 15"
"586",52.21,14.122,16,6432.61666666667,5642.3,"52.21 14.122 16"
"587",52.21,14.122,17,8089.7,9622.41666666667,"52.21 14.122 17"
"588",52.21,14.122,18,2623.36666666667,580.3,"52.21 14.122 18"
"589",52.21,14.122,19,3279.7,971.466666666667,"52.21 14.122 19"
"590",52.21,14.122,20,5183.13333333333,3517.41666666667,"52.21 14.122 20"
"591",52.21,14.122,21,4024.5,1203.88333333333,"52.21 14.122 21"
"592",52.21,14.122,22,7287.55,6360.2,"52.21 14.122 22"
"593",52.21,14.122,23,4809.76666666667,2553.21666666667,"52.21 14.122 23"
"594",52.21,14.122,24,7348.4,7248.1,"52.21 14.122 24"
"595",52.21,14.122,25,3338.46666666667,742.55,"52.21 14.122 25"
"596",52.21,14.122,26,4266.48333333333,2520.18333333333,"52.21 14.122 26"
"597",52.21,14.122,27,6371.85,5809.1,"52.21 14.122 27"
"598",52.21,14.122,28,7834.95,10119.2166666667,"52.21 14.122 28"
"599",52.21,14.122,29,5356.05,2237.58333333333,"52.21 14.122 29"
"600",52.21,14.122,30,7296.43333333333,5826.4,"52.21 14.122 30"
"601",-2.058,147.425,1,4940.5,4562.31666666667,"-2.058 147.425 1"
"602",-2.058,147.425,2,5209.7,4801.85,"-2.058 147.425 2"
"603",-2.058,147.425,3,5812.36666666667,6163.81666666667,"-2.058 147.425 3"
"604",-2.058,147.425,4,4104.56666666667,2203.06666666667,"-2.058 147.425 4"
"605",-2.058,147.425,5,3230.51666666667,983.966666666667,"-2.058 147.425 5"
"606",-2.058,147.425,6,4534.53333333333,3431.71666666667,"-2.058 147.425 6"
"607",-2.058,147.425,7,5509.18333333333,4655.61666666667,"-2.058 147.425 7"
"608",-2.058,147.425,8,6063.93333333333,5301.4,"-2.058 147.425 8"
"609",-2.058,147.425,9,6343.3,6357.63333333333,"-2.058 147.425 9"
"610",-2.058,147.425,10,6296.53333333333,6904.65,"-2.058 147.425 10"
"611",-2.058,147.425,11,5333.3,4208.91666666667,"-2.058 147.425 11"
"612",-2.058,147.425,12,2072.16666666667,303.983333333333,"-2.058 147.425 12"
"613",-2.058,147.425,13,2501.36666666667,2329.21666666667,"-2.058 147.425 13"
"614",-2.058,147.425,14,5516.03333333333,4481.83333333333,"-2.058 147.425 14"
"615",-2.058,147.425,15,2303.66666666667,474.716666666667,"-2.058 147.425 15"
"616",-2.058,147.425,16,5216.18333333333,3603.6,"-2.058 147.425 16"
"617",-2.058,147.425,17,5921.08333333333,5820.86666666667,"-2.058 147.425 17"
"618",-2.058,147.425,18,5551.95,4723.03333333333,"-2.058 147.425 18"
"619",-2.058,147.425,19,5785.98333333333,4772.6,"-2.058 147.425 19"
"620",-2.058,147.425,20,5894.21666666667,6138.06666666667,"-2.058 147.425 20"
"621",-2.058,147.425,21,5799.4,5696.73333333333,"-2.058 147.425 21"
"622",-2.058,147.425,22,3755.43333333333,1439.96666666667,"-2.058 147.425 22"
"623",-2.058,147.425,23,4769.41666666667,3277.4,"-2.058 147.425 23"
"624",-2.058,147.425,24,5917.73333333333,6815.43333333333,"-2.058 147.425 24"
"625",-2.058,147.425,25,6371.51666666667,7324.48333333333,"-2.058 147.425 25"
"626",-2.058,147.425,26,6162.55,5087.93333333333,"-2.058 147.425 26"
"627",-2.058,147.425,27,6322.48333333333,7630.08333333333,"-2.058 147.425 27"
"628",-2.058,147.425,28,6328.73333333333,6687.68333333333,"-2.058 147.425 28"
"629",-2.058,147.425,29,5987.61666666667,5567.3,"-2.058 147.425 29"
"630",-2.058,147.425,30,2664.66666666667,2368.9,"-2.058 147.425 30"
"631",-0.521004,166.916,1,6341.91666666667,8051.81666666667,"-0.521004 166.916 1"
"632",-0.521004,166.916,2,6258.51666666667,7664.96666666667,"-0.521004 166.916 2"
"633",-0.521004,166.916,3,6316.38333333333,7131.05,"-0.521004 166.916 3"
"634",-0.521004,166.916,4,5247.53333333333,4344.96666666667,"-0.521004 166.916 4"
"635",-0.521004,166.916,5,5508.88333333333,4596.61666666667,"-0.521004 166.916 5"
"636",-0.521004,166.916,6,3890.25,1693.93333333333,"-0.521004 166.916 6"
"637",-0.521004,166.916,7,4857.63333333333,3468.61666666667,"-0.521004 166.916 7"
"638",-0.521004,166.916,8,5459.03333333333,6288.8,"-0.521004 166.916 8"
"639",-0.521004,166.916,9,4875.93333333333,5145.51666666667,"-0.521004 166.916 9"
"640",-0.521004,166.916,10,6048.41666666667,6967.16666666667,"-0.521004 166.916 10"
"641",-0.521004,166.916,11,5775.26666666667,6806.35,"-0.521004 166.916 11"
"642",-0.521004,166.916,12,5072.5,3848.7,"-0.521004 166.916 12"
"643",-0.521004,166.916,13,3962.86666666667,3213.43333333333,"-0.521004 166.916 13"
"644",-0.521004,166.916,14,5771.3,5614.2,"-0.521004 166.916 14"
"645",-0.521004,166.916,15,5638.36666666667,5851.33333333333,"-0.521004 166.916 15"
"646",-0.521004,166.916,16,6176.71666666667,6985.43333333333,"-0.521004 166.916 16"
"647",-0.521004,166.916,17,4787.8,4218.75,"-0.521004 166.916 17"
"648",-0.521004,166.916,18,5329.85,6045.61666666667,"-0.521004 166.916 18"
"649",-0.521004,166.916,19,5902.2,6635.61666666667,"-0.521004 166.916 19"
"650",-0.521004,166.916,20,6234.33333333333,7976.2,"-0.521004 166.916 20"
"651",-0.521004,166.916,21,6140.13333333333,7451.23333333333,"-0.521004 166.916 21"
"652",-0.521004,166.916,22,5395.71666666667,5841.33333333333,"-0.521004 166.916 22"
"653",-0.521004,166.916,23,5652.08333333333,6545.76666666667,"-0.521004 166.916 23"
"654",-0.521004,166.916,24,5050.73333333333,4913.66666666667,"-0.521004 166.916 24"
"655",-0.521004,166.916,25,4805.3,4058.68333333333,"-0.521004 166.916 25"
"656",-0.521004,166.916,26,4375.38333333333,5441.26666666667,"-0.521004 166.916 26"
"657",-0.521004,166.916,27,5776.18333333333,6886.45,"-0.521004 166.916 27"
"658",-0.521004,166.916,28,5562.25,6681.75,"-0.521004 166.916 28"
"659",-0.521004,166.916,29,5871.26666666667,7360.4,"-0.521004 166.916 29"
"660",-0.521004,166.916,30,6431.2,7932.78333333333,"-0.521004 166.916 30"
"661",78.925,11.95,1,4728.16666666667,139.6,"78.925 11.95 1"
"662",78.925,11.95,2,4412.46666666667,93.2333333333333,"78.925 11.95 2"
"663",78.925,11.95,3,6148.53333333333,3333.78333333333,"78.925 11.95 3"
"664",78.925,11.95,4,4537.5,347.333333333333,"78.925 11.95 4"
"665",78.925,11.95,5,5683.88333333333,2213.81666666667,"78.925 11.95 5"
"666",78.925,11.95,6,3699.55,-27.8666666666667,"78.925 11.95 6"
"667",78.925,11.95,7,5615.11666666667,1827.01666666667,"78.925 11.95 7"
"668",78.925,11.95,8,4325.98333333333,878.133333333333,"78.925 11.95 8"
"669",78.925,11.95,9,7032.96666666667,5694.88333333333,"78.925 11.95 9"
"670",78.925,11.95,10,6181.71666666667,2890.26666666667,"78.925 11.95 10"
"671",78.925,11.95,11,8007.1,10318.6666666667,"78.925 11.95 11"
"672",78.925,11.95,12,5817.63333333333,3486.51666666667,"78.925 11.95 12"
"673",78.925,11.95,13,6176.6,4148.65,"78.925 11.95 13"
"674",78.925,11.95,14,5856.9,3476.96666666667,"78.925 11.95 14"
"675",78.925,11.95,15,6886.43333333333,5880.55,"78.925 11.95 15"
"676",78.925,11.95,16,6916.73333333333,5228.36666666667,"78.925 11.95 16"
"677",78.925,11.95,17,4489.83333333333,66.55,"78.925 11.95 17"
"678",78.925,11.95,18,4681.75,1857.51666666667,"78.925 11.95 18"
"679",78.925,11.95,19,6358.55,5845.86666666667,"78.925 11.95 19"
"680",78.925,11.95,20,2897.28333333333,1.51666666666667,"78.925 11.95 20"
"681",78.925,11.95,21,4872.16666666667,582.433333333333,"78.925 11.95 21"
"682",78.925,11.95,22,8659.35,14018.8666666667,"78.925 11.95 22"
"683",78.925,11.95,23,8161.33333333333,13339.6,"78.925 11.95 23"
"684",78.925,11.95,24,3557.13333333333,75.0166666666667,"78.925 11.95 24"
"685",78.925,11.95,25,4480.65,677.1,"78.925 11.95 25"
"686",78.925,11.95,26,3406.93333333333,103.083333333333,"78.925 11.95 26"
"687",78.925,11.95,27,3970.01666666667,242.15,"78.925 11.95 27"
"688",78.925,11.95,28,2144.21666666667,172.533333333333,"78.925 11.95 28"
"689",78.925,11.95,29,4831.78333333333,5915.15,"78.925 11.95 29"
"690",78.925,11.95,30,3780.45,2639.26666666667,"78.925 11.95 30"
"691",46.815,6.944,1,7302.46666666667,7473.25,"46.815 6.944 1"
"692",46.815,6.944,2,6297.3,3727.75,"46.815 6.944 2"
"693",46.815,6.944,3,7627.45,7200.6,"46.815 6.944 3"
"694",46.815,6.944,4,7696.65,7194.93333333333,"46.815 6.944 4"
"695",46.815,6.944,5,6943.13333333333,4217.66666666667,"46.815 6.944 5"
"696",46.815,6.944,6,6327.38333333333,4401.36666666667,"46.815 6.944 6"
"697",46.815,6.944,7,7878.95,8185.15,"46.815 6.944 7"
"698",46.815,6.944,8,7060.85,5958.95,"46.815 6.944 8"
"699",46.815,6.944,9,7572.01666666667,7015.08333333333,"46.815 6.944 9"
"700",46.815,6.944,10,7833.46666666667,8296.36666666667,"46.815 6.944 10"
"701",46.815,6.944,11,7388.78333333333,6811.86666666667,"46.815 6.944 11"
"702",46.815,6.944,12,7370.5,7363.68333333333,"46.815 6.944 12"
"703",46.815,6.944,13,7348.93333333333,6437.83333333333,"46.815 6.944 13"
"704",46.815,6.944,14,5561.7,5263.61666666667,"46.815 6.944 14"
"705",46.815,6.944,15,5286.28333333333,4251.81666666667,"46.815 6.944 15"
"706",46.815,6.944,16,8099.45,8526.41666666667,"46.815 6.944 16"
"707",46.815,6.944,17,7664.45,7159.85,"46.815 6.944 17"
"708",46.815,6.944,18,7510.55,7392.93333333333,"46.815 6.944 18"
"709",46.815,6.944,19,8436.35,11493.4833333333,"46.815 6.944 19"
"710",46.815,6.944,20,8364.03333333333,11191.55,"46.815 6.944 20"
"711",46.815,6.944,21,8499.25,11291.25,"46.815 6.944 21"
"712",46.815,6.944,22,8543.56666666667,11347.0833333333,"46.815 6.944 22"
"713",46.815,6.944,23,8348.06666666667,9968.85,"46.815 6.944 23"
"714",46.815,6.944,24,6006.56666666667,4400.2,"46.815 6.944 24"
"715",46.815,6.944,25,7096.6,5664.96666666667,"46.815 6.944 25"
"716",46.815,6.944,26,7034.96666666667,6180.2,"46.815 6.944 26"
"717",46.815,6.944,27,7694.75,7242.43333333333,"46.815 6.944 27"
"718",46.815,6.944,28,6070.71666666667,2920.4,"46.815 6.944 28"
"719",46.815,6.944,29,7865.6,8111.75,"46.815 6.944 29"
"720",46.815,6.944,30,7819.03333333333,7696.71666666667,"46.815 6.944 30"
"721",40.72,-77.93,1,1311.06666666667,605.533333333333,"40.72 -77.93 1"
"722",40.72,-77.93,2,2365.51666666667,1768.66666666667,"40.72 -77.93 2"
"723",40.72,-77.93,3,340.483333333333,3.81666666666667,"40.72 -77.93 3"
"724",40.72,-77.93,4,319.366666666667,1.7,"40.72 -77.93 4"
"725",40.72,-77.93,5,792.7,344.35,"40.72 -77.93 5"
"726",40.72,-77.93,6,2360.65,1862.18333333333,"40.72 -77.93 6"
"727",40.72,-77.93,7,324.416666666667,1.26666666666667,"40.72 -77.93 7"
"728",40.72,-77.93,8,1594.51666666667,563.8,"40.72 -77.93 8"
"729",40.72,-77.93,9,1534.13333333333,1061.9,"40.72 -77.93 9"
"730",40.72,-77.93,10,2111.38333333333,1923.28333333333,"40.72 -77.93 10"
"731",40.72,-77.93,11,935.233333333333,77.5666666666667,"40.72 -77.93 11"
"732",40.72,-77.93,12,971.933333333333,82.1833333333333,"40.72 -77.93 12"
"733",40.72,-77.93,13,1398.55,194.366666666667,"40.72 -77.93 13"
"734",40.72,-77.93,14,1133.01666666667,160.633333333333,"40.72 -77.93 14"
"735",40.72,-77.93,15,1851.18333333333,694.166666666667,"40.72 -77.93 15"
"736",40.72,-77.93,16,2666.48333333333,2063.68333333333,"40.72 -77.93 16"
"737",40.72,-77.93,17,791.8,32.5833333333333,"40.72 -77.93 17"
"738",40.72,-77.93,18,1427.06666666667,280.533333333333,"40.72 -77.93 18"
"739",40.72,-77.93,19,1553.56666666667,282.35,"40.72 -77.93 19"
"740",40.72,-77.93,20,425.033333333333,0.7,"40.72 -77.93 20"
"741",40.72,-77.93,21,637.033333333333,97.05,"40.72 -77.93 21"
"742",40.72,-77.93,22,1742.03333333333,675.066666666667,"40.72 -77.93 22"
"743",40.72,-77.93,23,2688.7,2913.18333333333,"40.72 -77.93 23"
"744",40.72,-77.93,24,2799.08333333333,3241.36666666667,"40.72 -77.93 24"
"745",40.72,-77.93,25,2581.13333333333,2483.85,"40.72 -77.93 25"
"746",40.72,-77.93,26,2573.35,2439.68333333333,"40.72 -77.93 26"
"747",40.72,-77.93,27,1990.88333333333,989.216666666667,"40.72 -77.93 27"
"748",40.72,-77.93,28,2843.18333333333,3352.91666666667,"40.72 -77.93 28"
"749",40.72,-77.93,29,2422.83333333333,2005.53333333333,"40.72 -77.93 29"
"750",40.72,-77.93,30,1266.53333333333,628.15,"40.72 -77.93 30"
"751",50.205,-104.713,1,6968.43333333333,5564.38333333333,"50.205 -104.713 1"
"752",50.205,-104.713,2,4062.85,2195.43333333333,"50.205 -104.713 2"
"753",50.205,-104.713,3,7321,6923.95,"50.205 -104.713 3"
"754",50.205,-104.713,4,3582.71666666667,1649.53333333333,"50.205 -104.713 4"
"755",50.205,-104.713,5,4093.96666666667,2292.48333333333,"50.205 -104.713 5"
"756",50.205,-104.713,6,6185.25,3455.8,"50.205 -104.713 6"
"757",50.205,-104.713,7,3494.73333333333,644.65,"50.205 -104.713 7"
"758",50.205,-104.713,8,6602.55,5754.4,"50.205 -104.713 8"
"759",50.205,-104.713,9,3939.38333333333,359.283333333333,"50.205 -104.713 9"
"760",50.205,-104.713,10,4126.31666666667,598.216666666667,"50.205 -104.713 10"
"761",50.205,-104.713,11,2279.56666666667,451.916666666667,"50.205 -104.713 11"
"762",50.205,-104.713,12,6023.88333333333,3685.48333333333,"50.205 -104.713 12"
"763",50.205,-104.713,13,7550.95,8421.25,"50.205 -104.713 13"
"764",50.205,-104.713,14,6836.85,6181.85,"50.205 -104.713 14"
"765",50.205,-104.713,15,7289.06666666667,7185.13333333333,"50.205 -104.713 15"
"766",50.205,-104.713,16,8515.76666666667,10676.0333333333,"50.205 -104.713 16"
"767",50.205,-104.713,17,8644.28333333333,10802.95,"50.205 -104.713 17"
"768",50.205,-104.713,18,8830.41666666667,12031.45,"50.205 -104.713 18"
"769",50.205,-104.713,19,8478.61666666667,10220.9333333333,"50.205 -104.713 19"
"770",50.205,-104.713,20,7824,8271.43333333333,"50.205 -104.713 20"
"771",50.205,-104.713,21,6379,4715.85,"50.205 -104.713 21"
"772",50.205,-104.713,22,8125.71666666667,9752.81666666667,"50.205 -104.713 22"
"773",50.205,-104.713,23,6534.48333333333,5077.05,"50.205 -104.713 23"
"774",50.205,-104.713,24,5764.75,3684.96666666667,"50.205 -104.713 24"
"775",50.205,-104.713,25,5077.36666666667,2439.05,"50.205 -104.713 25"
"776",50.205,-104.713,26,7520.03333333333,8487.98333333333,"50.205 -104.713 26"
"777",50.205,-104.713,27,7578.63333333333,7694.61666666667,"50.205 -104.713 27"
"778",50.205,-104.713,28,7797.11666666667,8564.28333333333,"50.205 -104.713 28"
"779",50.205,-104.713,29,7254.01666666667,7175.73333333333,"50.205 -104.713 29"
"780",50.205,-104.713,30,8273.46666666667,10496.3,"50.205 -104.713 30"
"781",30.905,34.782,1,7538.98333333333,7665.26666666667,"30.905 34.782 1"
"782",30.905,34.782,2,8123.25,9363.15,"30.905 34.782 2"
"783",30.905,34.782,3,8265.23333333333,9979.51666666667,"30.905 34.782 3"
"784",30.905,34.782,4,8315.85,8999.48333333333,"30.905 34.782 4"
"785",30.905,34.782,5,8083.85,9163.41666666667,"30.905 34.782 5"
"786",30.905,34.782,6,7948.53333333333,7903.41666666667,"30.905 34.782 6"
"787",30.905,34.782,7,8227.5,9589.03333333333,"30.905 34.782 7"
"788",30.905,34.782,8,8125.01666666667,9113.56666666667,"30.905 34.782 8"
"789",30.905,34.782,9,8250.95,10054.7666666667,"30.905 34.782 9"
"790",30.905,34.782,10,8394.93333333333,10640.35,"30.905 34.782 10"
"791",30.905,34.782,11,8294.01666666667,10127.2833333333,"30.905 34.782 11"
"792",30.905,34.782,12,7986.23333333333,8686.41666666667,"30.905 34.782 12"
"793",30.905,34.782,13,8084.83333333333,9377.76666666667,"30.905 34.782 13"
"794",30.905,34.782,14,7807.06666666667,8344.28333333333,"30.905 34.782 14"
"795",30.905,34.782,15,7951.1,9101.96666666667,"30.905 34.782 15"
"796",30.905,34.782,16,8286.76666666667,10323.95,"30.905 34.782 16"
"797",30.905,34.782,17,8109.33333333333,9234.36666666667,"30.905 34.782 17"
"798",30.905,34.782,18,8114.11666666667,9234.91666666667,"30.905 34.782 18"
"799",30.905,34.782,19,8478.03333333333,10722.9166666667,"30.905 34.782 19"
"800",30.905,34.782,20,8287.41666666667,9636.5,"30.905 34.782 20"
"801",30.905,34.782,21,8386.78333333333,10469.7333333333,"30.905 34.782 21"
"802",30.905,34.782,22,8297.16666666667,10353.4,"30.905 34.782 22"
"803",30.905,34.782,23,8154.7,9143.71666666667,"30.905 34.782 23"
"804",30.905,34.782,24,8264.93333333333,9835.18333333333,"30.905 34.782 24"
"805",30.905,34.782,25,8150.23333333333,9377,"30.905 34.782 25"
"806",30.905,34.782,26,8400.58333333333,10450.75,"30.905 34.782 26"
"807",30.905,34.782,27,8493.6,11210.7,"30.905 34.782 27"
"808",30.905,34.782,28,8418.71666666667,10930.9333333333,"30.905 34.782 28"
"809",30.905,34.782,29,8421.1,10884.7,"30.905 34.782 29"
"810",30.905,34.782,30,8233.63333333333,10140.5833333333,"30.905 34.782 30"
"811",43.73,-96.62,1,1.03333333333333,0.25,"43.73 -96.62 1"
"812",43.73,-96.62,2,0.883333333333333,0.0333333333333333,"43.73 -96.62 2"
"813",43.73,-96.62,3,0.866666666666667,0.0166666666666667,"43.73 -96.62 3"
"814",43.73,-96.62,4,0.833333333333333,0.05,"43.73 -96.62 4"
"815",43.73,-96.62,5,0.833333333333333,0.0666666666666667,"43.73 -96.62 5"
"816",43.73,-96.62,6,0.816666666666667,0.0833333333333333,"43.73 -96.62 6"
"817",43.73,-96.62,7,0.8,0.0666666666666667,"43.73 -96.62 7"
"818",43.73,-96.62,8,0.8,0.0666666666666667,"43.73 -96.62 8"
"819",43.73,-96.62,9,0.766666666666667,0.1,"43.73 -96.62 9"
"820",43.73,-96.62,10,0.716666666666667,0.133333333333333,"43.73 -96.62 10"
"821",43.73,-96.62,11,1.26666666666667,3.35,"43.73 -96.62 11"
"822",43.73,-96.62,12,1.76666666666667,6.68333333333333,"43.73 -96.62 12"
"823",43.73,-96.62,13,1.31666666666667,4.43333333333333,"43.73 -96.62 13"
"824",43.73,-96.62,14,0.65,0.533333333333333,"43.73 -96.62 14"
"825",43.73,-96.62,15,2474.88333333333,2034.53333333333,"43.73 -96.62 15"
"826",43.73,-96.62,16,2626.88333333333,2678.1,"43.73 -96.62 16"
"827",43.73,-96.62,17,1981.66666666667,1220.81666666667,"43.73 -96.62 17"
"828",43.73,-96.62,18,2459.13333333333,2128.8,"43.73 -96.62 18"
"829",43.73,-96.62,19,2916.43333333333,3785.9,"43.73 -96.62 19"
"830",43.73,-96.62,20,2833.71666666667,3484.78333333333,"43.73 -96.62 20"
"831",43.73,-96.62,21,1143.4,446.916666666667,"43.73 -96.62 21"
"832",43.73,-96.62,22,1392.38333333333,623.183333333333,"43.73 -96.62 22"
"833",43.73,-96.62,23,2081,1535.03333333333,"43.73 -96.62 23"
"834",43.73,-96.62,24,1583.15,1052.85,"43.73 -96.62 24"
"835",43.73,-96.62,25,568.2,146.966666666667,"43.73 -96.62 25"
"836",43.73,-96.62,26,2685.95,3230.01666666667,"43.73 -96.62 26"
"837",43.73,-96.62,27,2326.71666666667,2407.75,"43.73 -96.62 27"
"838",43.73,-96.62,28,1825.9,1903.76666666667,"43.73 -96.62 28"
"839",43.73,-96.62,29,2795.08333333333,3382.06666666667,"43.73 -96.62 29"
"840",43.73,-96.62,30,2800.86666666667,3551.65,"43.73 -96.62 30"
"841",-69.005,39.589,1,5.35,0,"-69.005 39.589 1"
"842",-69.005,39.589,2,5.56666666666667,0,"-69.005 39.589 2"
"843",-69.005,39.589,3,7.28333333333333,0,"-69.005 39.589 3"
"844",-69.005,39.589,4,5.96666666666667,0,"-69.005 39.589 4"
"845",-69.005,39.589,5,3.61666666666667,0,"-69.005 39.589 5"
"846",-69.005,39.589,6,3.4,0,"-69.005 39.589 6"
"847",-69.005,39.589,7,6.11666666666667,0,"-69.005 39.589 7"
"848",-69.005,39.589,8,3.05,0,"-69.005 39.589 8"
"849",-69.005,39.589,9,4.21666666666667,0,"-69.005 39.589 9"
"850",-69.005,39.589,10,1.2,0,"-69.005 39.589 10"
"851",-69.005,39.589,11,0.866666666666667,0,"-69.005 39.589 11"
"852",-69.005,39.589,12,2.11666666666667,0,"-69.005 39.589 12"
"853",-69.005,39.589,13,2.21666666666667,0,"-69.005 39.589 13"
"854",-69.005,39.589,14,3.51666666666667,0,"-69.005 39.589 14"
"855",-69.005,39.589,15,3.61666666666667,0,"-69.005 39.589 15"
"856",-69.005,39.589,16,4.66666666666667,0,"-69.005 39.589 16"
"857",-69.005,39.589,17,4.23333333333333,0,"-69.005 39.589 17"
"858",-69.005,39.589,18,5.6,0,"-69.005 39.589 18"
"859",-69.005,39.589,19,5.91666666666667,0,"-69.005 39.589 19"
"860",-69.005,39.589,20,-0.0666666666666667,0,"-69.005 39.589 20"
"861",-69.005,39.589,21,0.3,0,"-69.005 39.589 21"
"862",-69.005,39.589,22,0,0,"-69.005 39.589 22"
"863",-69.005,39.589,23,-2.4,0,"-69.005 39.589 23"
"864",-69.005,39.589,24,-5.93333333333333,0,"-69.005 39.589 24"
"865",-69.005,39.589,25,5.7,0,"-69.005 39.589 25"
"866",-69.005,39.589,26,2.76666666666667,0,"-69.005 39.589 26"
"867",-69.005,39.589,27,7.33333333333333,0,"-69.005 39.589 27"
"868",-69.005,39.589,28,4.98333333333333,0,"-69.005 39.589 28"
"869",-69.005,39.589,29,2.98333333333333,0,"-69.005 39.589 29"
"870",-69.005,39.589,30,2.91666666666667,0,"-69.005 39.589 30"
"871",22.78,5.50999,1,5884.75,3870.63333333333,"22.78 5.50999 1"
"872",22.78,5.50999,2,6256.63333333333,2503.66666666667,"22.78 5.50999 2"
"873",22.78,5.50999,3,6666.13333333333,2482.93333333333,"22.78 5.50999 3"
"874",22.78,5.50999,4,6905.71666666667,2055.6,"22.78 5.50999 4"
"875",22.78,5.50999,5,8157.5,5789.71666666667,"22.78 5.50999 5"
"876",22.78,5.50999,6,7857.75,5257.61666666667,"22.78 5.50999 6"
"877",22.78,5.50999,7,6746.36666666667,2504.96666666667,"22.78 5.50999 7"
"878",22.78,5.50999,8,5155.66666666667,1367.66666666667,"22.78 5.50999 8"
"879",22.78,5.50999,9,5874.76666666667,2277.88333333333,"22.78 5.50999 9"
"880",22.78,5.50999,10,4759.28333333333,2373.91666666667,"22.78 5.50999 10"
"881",22.78,5.50999,11,5526.88333333333,1373.65,"22.78 5.50999 11"
"882",22.78,5.50999,12,6575.38333333333,3446.78333333333,"22.78 5.50999 12"
"883",22.78,5.50999,13,7225.73333333333,3690.8,"22.78 5.50999 13"
"884",22.78,5.50999,14,6268.96666666667,3088.55,"22.78 5.50999 14"
"885",22.78,5.50999,15,6869.3,4667.53333333333,"22.78 5.50999 15"
"886",22.78,5.50999,16,7699.4,6027.73333333333,"22.78 5.50999 16"
"887",22.78,5.50999,17,7320.85,4077.2,"22.78 5.50999 17"
"888",22.78,5.50999,18,5001.83333333333,708.133333333333,"22.78 5.50999 18"
"889",22.78,5.50999,19,5115.65,1963.88333333333,"22.78 5.50999 19"
"890",22.78,5.50999,20,7616.41666666667,5658.03333333333,"22.78 5.50999 20"
"891",22.78,5.50999,21,8097.11666666667,7183.96666666667,"22.78 5.50999 21"
"892",22.78,5.50999,22,8668.15,9830.26666666667,"22.78 5.50999 22"
"893",22.78,5.50999,23,4832.03333333333,2924.91666666667,"22.78 5.50999 23"
"894",22.78,5.50999,24,5762.35,1792.48333333333,"22.78 5.50999 24"
"895",22.78,5.50999,25,5143.78333333333,1246.7,"22.78 5.50999 25"
"896",22.78,5.50999,26,3875.26666666667,1016.2,"22.78 5.50999 26"
"897",22.78,5.50999,27,6014.9,3759.75,"22.78 5.50999 27"
"898",22.78,5.50999,28,6327.78333333333,4083.26666666667,"22.78 5.50999 28"
"899",22.78,5.50999,29,7973.66666666667,7369.83333333333,"22.78 5.50999 29"
"900",22.78,5.50999,30,8296,8599.7,"22.78 5.50999 30"
"901",36.05,140.133,1,3970.83333333333,2267.21666666667,"36.05 140.133 1"
"902",36.05,140.133,2,5445.18333333333,2595.15,"36.05 140.133 2"
"903",36.05,140.133,3,5019.23333333333,3141.85,"36.05 140.133 3"
"904",36.05,140.133,4,2966.56666666667,1658.68333333333,"36.05 140.133 4"
"905",36.05,140.133,5,6529.06666666667,4644.91666666667,"36.05 140.133 5"
"906",36.05,140.133,6,5197.31666666667,2113.51666666667,"36.05 140.133 6"
"907",36.05,140.133,7,3413.38333333333,112.6,"36.05 140.133 7"
"908",36.05,140.133,8,5861.56666666667,2612.35,"36.05 140.133 8"
"909",36.05,140.133,9,5797.38333333333,1451.61666666667,"36.05 140.133 9"
"910",36.05,140.133,10,4503.15,714.2,"36.05 140.133 10"
"911",36.05,140.133,11,3029.96666666667,711.616666666667,"36.05 140.133 11"
"912",36.05,140.133,12,2190.63333333333,57.1166666666667,"36.05 140.133 12"
"913",36.05,140.133,13,3838.98333333333,450,"36.05 140.133 13"
"914",36.05,140.133,14,2923.88333333333,160.383333333333,"36.05 140.133 14"
"915",36.05,140.133,15,2154.73333333333,2.31666666666667,"36.05 140.133 15"
"916",36.05,140.133,16,2842.56666666667,183.45,"36.05 140.133 16"
"917",36.05,140.133,17,2845.6,108.216666666667,"36.05 140.133 17"
"918",36.05,140.133,18,2894.95,427.35,"36.05 140.133 18"
"919",36.05,140.133,19,5867.26666666667,2964.28333333333,"36.05 140.133 19"
"920",36.05,140.133,20,6948.95,5188.98333333333,"36.05 140.133 20"
"921",36.05,140.133,21,7518.05,5428.58333333333,"36.05 140.133 21"
"922",36.05,140.133,22,5145.88333333333,1795.16666666667,"36.05 140.133 22"
"923",36.05,140.133,23,2754.76666666667,63.75,"36.05 140.133 23"
"924",36.05,140.133,24,1336.78333333333,3.61666666666667,"36.05 140.133 24"
"925",36.05,140.133,25,2041.48333333333,897.883333333333,"36.05 140.133 25"
"926",36.05,140.133,26,4388.26666666667,1506.23333333333,"36.05 140.133 26"
"927",36.05,140.133,27,5577.85,2738.15,"36.05 140.133 27"
"928",36.05,140.133,28,2644.46666666667,259.05,"36.05 140.133 28"
"929",36.05,140.133,29,5954.96666666667,2421.86666666667,"36.05 140.133 29"
"930",36.05,140.133,30,5263.76666666667,1925.6,"36.05 140.133 30"
"931",58.254,26.462,1,6327.66666666667,6871.53333333333,"58.254 26.462 1"
"932",58.254,26.462,2,6003.58333333333,5790.51666666667,"58.254 26.462 2"
"933",58.254,26.462,3,8055.26666666667,10560.65,"58.254 26.462 3"
"934",58.254,26.462,4,7073.73333333333,7038.21666666667,"58.254 26.462 4"
"935",58.254,26.462,5,3125.23333333333,535.45,"58.254 26.462 5"
"936",58.254,26.462,6,6875.73333333333,7417.33333333333,"58.254 26.462 6"
"937",58.254,26.462,7,2489.9,460.366666666667,"58.254 26.462 7"
"938",58.254,26.462,8,7244.13333333333,8469.28333333333,"58.254 26.462 8"
"939",58.254,26.462,9,4207.96666666667,3343.38333333333,"58.254 26.462 9"
"940",58.254,26.462,10,3999.78333333333,4528.68333333333,"58.254 26.462 10"
"941",58.254,26.462,11,3660.25,2203.41666666667,"58.254 26.462 11"
"942",58.254,26.462,12,3370.85,1755.31666666667,"58.254 26.462 12"
"943",58.254,26.462,13,3932.73333333333,2278,"58.254 26.462 13"
"944",58.254,26.462,14,4675.65,3018.53333333333,"58.254 26.462 14"
"945",58.254,26.462,15,5887.53333333333,4896.81666666667,"58.254 26.462 15"
"946",58.254,26.462,16,5773.26666666667,2971.43333333333,"58.254 26.462 16"
"947",58.254,26.462,17,5005.46666666667,4563.35,"58.254 26.462 17"
"948",58.254,26.462,18,5150.1,5492.78333333333,"58.254 26.462 18"
"949",58.254,26.462,19,3750.26666666667,1074.75,"58.254 26.462 19"
"950",58.254,26.462,20,3200.45,979.383333333333,"58.254 26.462 20"
"951",58.254,26.462,21,1491.73333333333,0,"58.254 26.462 21"
"952",58.254,26.462,22,2233.68333333333,131.116666666667,"58.254 26.462 22"
"953",58.254,26.462,23,6039.35,6716.93333333333,"58.254 26.462 23"
"954",58.254,26.462,24,6932.8,7059.78333333333,"58.254 26.462 24"
"955",58.254,26.462,25,7550.15,8778.76666666667,"58.254 26.462 25"
"956",58.254,26.462,26,8146.05,10857.0333333333,"58.254 26.462 26"
"957",58.254,26.462,27,7035.86666666667,8300.23333333333,"58.254 26.462 27"
"958",58.254,26.462,28,6326.76666666667,6655.86666666667,"58.254 26.462 28"
"959",58.254,26.462,29,3761.1,1145.95,"58.254 26.462 29"
"960",58.254,26.462,30,1412.68333333333,15.8666666666667,"58.254 26.462 30"
